#;Mot de passe
1;"/){1^*{}"
2;"'quj11*/"
3;")5~26skl"
4;";j2qlm6_"
5;"se!`i6?*"
6;"tgw`k'op"
7;")~42:3l#"
8;"@*v[()vf"
9;"_)a.6x$@"
10;"#-|;)mza"
11;"h$g0[*!+"
12;"[p3+ti/d"
13;"0|bgti'$"
14;"~z2a3~j{"
15;"}xf2lx[o"
16;"b@j`wjy{"
17;"+kk]d&{%"
18;"h:sjf5~["
19;"&^#[m(d,"
20;"{^86~~f+"
21;"&g0%.m3'"
22;"fm/?b7]6"
23;"y#m2[ow*"
24;"%q3:m#4."
25;"9kxs1dhb"
26;"8y496#m#"
27;"@ph8/!b+"
28;"`$kob-}-"
29;"g*[`!]y%"
30;"1:52t`lc"
31;"q?*kgxd%"
32;"!h4mrc[/"
33;"s{9k3q3$"
34;"0`@%y42-"
35;"6&,~6p!."
36;"=_eo2+b."
37;"@{:}+fp`"
38;"fi|@|/cv"
39;"_9cf~8o:"
40;"4[fnm)&("
41;"#p%pkz^)"
42;"&[%-|.]6"
43;"*u8a@+v5"
44;"hv;q125:"
45;"%4$c*uy#"
46;"w@m;%{ld"
47;"#&-:3@1)"
48;"`~r8n1*s"
49;"@)p*jrzq"
50;"s5fae:z("
51;"#}|1fb[s"
52;"'bi}{?%;"
53;"9;;g`f5z"
54;"4q6hm8.6"
55;"k@{|7hpl"
56;"[1`d+_zi"
57;"]xr`mpxz"
58;"61a3je=j"
59;"g-3z}m5f"
60;")s#bl]`y"
61;",}g4f6_-"
62;"_0l_~*h="
63;";4]y|+n("
64;"1'1l`)8;"
65;"|2b4/nc2"
66;"t~!cvg.="
67;"bj|4,6ei"
68;"`+|#d)v$"
69;":b$=j76:"
70;".]m$ny5;"
71;"6+#fgq[:"
72;"k-[ps#g!"
73;"~^2^,va^"
74;"jp.dqg/-"
75;"fka0ve|,"
76;"wf%;g=z/"
77;"io/f:zam"
78;"1ys^a?)5"
79;".h45lkeb"
80;"[j7~:'11"
81;"soij+mqh"
82;"4}ubcn8f"
83;"%_|u+mw;"
84;"/'y*:{,'"
85;"+iafp^*`"
86;"88i_t4%b"
87;"szsd3#,z"
88;"[|)a,&8?"
89;"(1j:awql"
90;".68k1:vs"
91;"?&ru+.?9"
92;"5t+9w:@h"
93;"j':[1t$o"
94;"^2v,m#)k"
95;"ol?$t1w1"
96;"^5[;yra#"
97;"u`+0rrv^"
98;"y{5+pq6i"
99;"y{5+pq6i"